2023-03-26-13-56,27429
2023-03-26-14-06,27396
2023-03-26-14-06,27396
2023-03-26-14-06,27396
2023-03-26-14-06,27396
2023-03-26-14-23,27300
2023-03-26-14-24,27297
2023-03-26-14-37,27141
2023-03-26-14-37,27141
2023-03-26-14-40,27136
2023-03-26-14-45,27110
2023-03-26-14-50,27170
2023-03-26-14-55,27055
2023-03-26-15-00,27085
2023-03-26-15-05,27124
2023-03-26-15-10,27162
2023-03-26-15-15,27140
2023-03-26-15-20,27141
2023-03-26-15-25,27088
2023-03-26-15-30,27147
2023-03-26-15-35,27114
2023-03-26-15-40,27091
2023-03-26-15-45,27101
2023-03-26-15-50,27049
